JobTitle,AvgEngagementLevel
Developer,2.142857142857143
Executive,1.96875
Analyst,1.9523809523809523
Manager,1.875
Coordinator,1.8181818181818181
Support,1.6
